{"r2": 0.5699986230421765, "mae": 32.7352091554854, "feature_importance": {"_type": "image-file", "path": "media/images/feature_importance_0_86ff1b32.png", "sha256": "86ff1b32ef2cb95fa2a0777bb4925fa2085499fb5202614878096a25059eca8f", "size": 33316, "format": "png", "width": 1000, "height": 1000}, "_runtime": 92, "_timestamp": 1639310029, "_step": 0}